,
,
,HOUSEHOLD INCOME IN THE PAST 12 MONTHS (IN 2016 INFLATION-ADJUSTED DOLLARS): Total: Households -- (Estimate)
,HOUSEHOLD INCOME IN THE PAST 12 MONTHS (IN 2016 INFLATION-ADJUSTED DOLLARS): Total: Households -- (Margin of Error)
,"HOUSEHOLD INCOME IN THE PAST 12 MONTHS (IN 2016 INFLATION-ADJUSTED DOLLARS): Less than $10,000: Households -- (Estimate)"
,"HOUSEHOLD INCOME IN THE PAST 12 MONTHS (IN 2016 INFLATION-ADJUSTED DOLLARS): Less than $10,000: Households -- (Margin of Error)"
,"HOUSEHOLD INCOME IN THE PAST 12 MONTHS (IN 2016 INFLATION-ADJUSTED DOLLARS): $10,000 to $14,999: Households -- (Estimate)"
,"HOUSEHOLD INCOME IN THE PAST 12 MONTHS (IN 2016 INFLATION-ADJUSTED DOLLARS): $10,000 to $14,999: Households -- (Margin of Error)"
,"HOUSEHOLD INCOME IN THE PAST 12 MONTHS (IN 2016 INFLATION-ADJUSTED DOLLARS): $15,000 to $19,999: Households -- (Estimate)"
,"HOUSEHOLD INCOME IN THE PAST 12 MONTHS (IN 2016 INFLATION-ADJUSTED DOLLARS): $15,000 to $19,999: Households -- (Margin of Error)"
,"HOUSEHOLD INCOME IN THE PAST 12 MONTHS (IN 2016 INFLATION-ADJUSTED DOLLARS): $20,000 to $24,999: Households -- (Estimate)"
,"HOUSEHOLD INCOME IN THE PAST 12 MONTHS (IN 2016 INFLATION-ADJUSTED DOLLARS): $20,000 to $24,999: Households -- (Margin of Error)"
,"HOUSEHOLD INCOME IN THE PAST 12 MONTHS (IN 2016 INFLATION-ADJUSTED DOLLARS): $25,000 to $29,999: Households -- (Estimate)"
,"HOUSEHOLD INCOME IN THE PAST 12 MONTHS (IN 2016 INFLATION-ADJUSTED DOLLARS): $25,000 to $29,999: Households -- (Margin of Error)"
,"HOUSEHOLD INCOME IN THE PAST 12 MONTHS (IN 2016 INFLATION-ADJUSTED DOLLARS): $30,000 to $34,999: Households -- (Estimate)"
,"HOUSEHOLD INCOME IN THE PAST 12 MONTHS (IN 2016 INFLATION-ADJUSTED DOLLARS): $30,000 to $34,999: Households -- (Margin of Error)"
,"HOUSEHOLD INCOME IN THE PAST 12 MONTHS (IN 2016 INFLATION-ADJUSTED DOLLARS): $35,000 to $39,999: Households -- (Estimate)"
,"HOUSEHOLD INCOME IN THE PAST 12 MONTHS (IN 2016 INFLATION-ADJUSTED DOLLARS): $35,000 to $39,999: Households -- (Margin of Error)"
,"HOUSEHOLD INCOME IN THE PAST 12 MONTHS (IN 2016 INFLATION-ADJUSTED DOLLARS): $40,000 to $44,999: Households -- (Estimate)"
,"HOUSEHOLD INCOME IN THE PAST 12 MONTHS (IN 2016 INFLATION-ADJUSTED DOLLARS): $40,000 to $44,999: Households -- (Margin of Error)"
,"HOUSEHOLD INCOME IN THE PAST 12 MONTHS (IN 2016 INFLATION-ADJUSTED DOLLARS): $45,000 to $49,999: Households -- (Estimate)"
,"HOUSEHOLD INCOME IN THE PAST 12 MONTHS (IN 2016 INFLATION-ADJUSTED DOLLARS): $45,000 to $49,999: Households -- (Margin of Error)"
,"HOUSEHOLD INCOME IN THE PAST 12 MONTHS (IN 2016 INFLATION-ADJUSTED DOLLARS): $50,000 to $59,999: Households -- (Estimate)"
,"HOUSEHOLD INCOME IN THE PAST 12 MONTHS (IN 2016 INFLATION-ADJUSTED DOLLARS): $50,000 to $59,999: Households -- (Margin of Error)"
,"HOUSEHOLD INCOME IN THE PAST 12 MONTHS (IN 2016 INFLATION-ADJUSTED DOLLARS): $60,000 to $74,999: Households -- (Estimate)"
,"HOUSEHOLD INCOME IN THE PAST 12 MONTHS (IN 2016 INFLATION-ADJUSTED DOLLARS): $60,000 to $74,999: Households -- (Margin of Error)"
,"HOUSEHOLD INCOME IN THE PAST 12 MONTHS (IN 2016 INFLATION-ADJUSTED DOLLARS): $75,000 to $99,999: Households -- (Estimate)"
,"HOUSEHOLD INCOME IN THE PAST 12 MONTHS (IN 2016 INFLATION-ADJUSTED DOLLARS): $75,000 to $99,999: Households -- (Margin of Error)"
,"HOUSEHOLD INCOME IN THE PAST 12 MONTHS (IN 2016 INFLATION-ADJUSTED DOLLARS): $100,000 to $124,999: Households -- (Estimate)"
,"HOUSEHOLD INCOME IN THE PAST 12 MONTHS (IN 2016 INFLATION-ADJUSTED DOLLARS): $100,000 to $124,999: Households -- (Margin of Error)"
,"HOUSEHOLD INCOME IN THE PAST 12 MONTHS (IN 2016 INFLATION-ADJUSTED DOLLARS): $125,000 to $149,999: Households -- (Estimate)"
,"HOUSEHOLD INCOME IN THE PAST 12 MONTHS (IN 2016 INFLATION-ADJUSTED DOLLARS): $125,000 to $149,999: Households -- (Margin of Error)"
,"HOUSEHOLD INCOME IN THE PAST 12 MONTHS (IN 2016 INFLATION-ADJUSTED DOLLARS): $150,000 to $199,999: Households -- (Estimate)"
,"HOUSEHOLD INCOME IN THE PAST 12 MONTHS (IN 2016 INFLATION-ADJUSTED DOLLARS): $150,000 to $199,999: Households -- (Margin of Error)"
,"HOUSEHOLD INCOME IN THE PAST 12 MONTHS (IN 2016 INFLATION-ADJUSTED DOLLARS): $200,000 or more: Households -- (Estimate)"
,"HOUSEHOLD INCOME IN THE PAST 12 MONTHS (IN 2016 INFLATION-ADJUSTED DOLLARS): $200,000 or more: Households -- (Margin of Error)"
,MEDIAN HOUSEHOLD INCOME IN THE PAST 12 MONTHS (IN 2016 INFLATION-ADJUSTED DOLLARS): Total: Households -- (Estimate)
,MEDIAN HOUSEHOLD INCOME IN THE PAST 12 MONTHS (IN 2016 INFLATION-ADJUSTED DOLLARS): Total: Households -- (Margin of Error)
,AGGREGATE HOUSEHOLD INCOME IN THE PAST 12 MONTHS (IN 2016 INFLATION-ADJUSTED DOLLARS): Total: Households -- (Estimate)
,AGGREGATE HOUSEHOLD INCOME IN THE PAST 12 MONTHS (IN 2016 INFLATION-ADJUSTED DOLLARS): Total: Households -- (Margin of Error)
,AGGREGATE HOUSEHOLD INCOME IN THE PAST 12 MONTHS (IN 2016 INFLATION-ADJUSTED DOLLARS) (WHITE ALONE HOUSEHOLDER): Total: Households with a householder who is White alone -- (Estimate)
,AGGREGATE HOUSEHOLD INCOME IN THE PAST 12 MONTHS (IN 2016 INFLATION-ADJUSTED DOLLARS) (WHITE ALONE HOUSEHOLDER): Total: Households with a householder who is White alone -- (Margin of Error)
,AGGREGATE HOUSEHOLD INCOME IN THE PAST 12 MONTHS (IN 2016 INFLATION-ADJUSTED DOLLARS) (BLACK OR AFRICAN AMERICAN ALONE HOUSEHOLDER): Total: Households with a householder who is Black or African American alone -- (Estimate)
,AGGREGATE HOUSEHOLD INCOME IN THE PAST 12 MONTHS (IN 2016 INFLATION-ADJUSTED DOLLARS) (BLACK OR AFRICAN AMERICAN ALONE HOUSEHOLDER): Total: Households with a householder who is Black or African American alone -- (Margin of Error)
,AGGREGATE HOUSEHOLD INCOME IN THE PAST 12 MONTHS (IN 2016 INFLATION-ADJUSTED DOLLARS) (AMERICAN INDIAN AND ALASKA NATIVE ALONE HOUSEHOLDER): Total: Households with a householder who is American Indian and Alaska Native alone -- (Estimate)
,AGGREGATE HOUSEHOLD INCOME IN THE PAST 12 MONTHS (IN 2016 INFLATION-ADJUSTED DOLLARS) (AMERICAN INDIAN AND ALASKA NATIVE ALONE HOUSEHOLDER): Total: Households with a householder who is American Indian and Alaska Native alone -- (Margin of Error)
,AGGREGATE HOUSEHOLD INCOME IN THE PAST 12 MONTHS (IN 2016 INFLATION-ADJUSTED DOLLARS) (ASIAN ALONE HOUSEHOLDER): Total: Households with a householder who is Asian alone -- (Estimate)
,AGGREGATE HOUSEHOLD INCOME IN THE PAST 12 MONTHS (IN 2016 INFLATION-ADJUSTED DOLLARS) (ASIAN ALONE HOUSEHOLDER): Total: Households with a householder who is Asian alone -- (Margin of Error)
,AGGREGATE HOUSEHOLD INCOME IN THE PAST 12 MONTHS (IN 2016 INFLATION-ADJUSTED DOLLARS) (NATIVE HAWAIIAN AND OTHER PACIFIC ISLANDER ALONE HOUSEHOLDER): Total: Households with a householder who is Native Hawaiian and Other Pacific Islander alone -- (Estimate)
,AGGREGATE HOUSEHOLD INCOME IN THE PAST 12 MONTHS (IN 2016 INFLATION-ADJUSTED DOLLARS) (NATIVE HAWAIIAN AND OTHER PACIFIC ISLANDER ALONE HOUSEHOLDER): Total: Households with a householder who is Native Hawaiian and Other Pacific Islander alone -- (Margin of Error)
,AGGREGATE HOUSEHOLD INCOME IN THE PAST 12 MONTHS (IN 2016 INFLATION-ADJUSTED DOLLARS) (SOME OTHER RACE ALONE HOUSEHOLDER): Total: Households with a householder who is Some other race alone -- (Estimate)
,AGGREGATE HOUSEHOLD INCOME IN THE PAST 12 MONTHS (IN 2016 INFLATION-ADJUSTED DOLLARS) (SOME OTHER RACE ALONE HOUSEHOLDER): Total: Households with a householder who is Some other race alone -- (Margin of Error)
,AGGREGATE HOUSEHOLD INCOME IN THE PAST 12 MONTHS (IN 2016 INFLATION-ADJUSTED DOLLARS) (TWO OR MORE RACES HOUSEHOLDER): Total: Households with a householder who is Two or more races -- (Estimate)
,AGGREGATE HOUSEHOLD INCOME IN THE PAST 12 MONTHS (IN 2016 INFLATION-ADJUSTED DOLLARS) (TWO OR MORE RACES HOUSEHOLDER): Total: Households with a householder who is Two or more races -- (Margin of Error)
,"AGGREGATE HOUSEHOLD INCOME IN THE PAST 12 MONTHS (IN 2016 INFLATION-ADJUSTED DOLLARS) (WHITE ALONE, NOT HISPANIC OR LATINO HOUSEHOLDER): Total: Households with a householder who is White alone, not Hispanic or Latino -- (Estimate)"
,"AGGREGATE HOUSEHOLD INCOME IN THE PAST 12 MONTHS (IN 2016 INFLATION-ADJUSTED DOLLARS) (WHITE ALONE, NOT HISPANIC OR LATINO HOUSEHOLDER): Total: Households with a householder who is White alone, not Hispanic or Latino -- (Margin of Error)"
,AGGREGATE HOUSEHOLD INCOME IN THE PAST 12 MONTHS (IN 2016 INFLATION-ADJUSTED DOLLARS) (HISPANIC OR LATINO HOUSEHOLDER): Total: Households with a householder who is Hispanic or Latino -- (Estimate)
,AGGREGATE HOUSEHOLD INCOME IN THE PAST 12 MONTHS (IN 2016 INFLATION-ADJUSTED DOLLARS) (HISPANIC OR LATINO HOUSEHOLDER): Total: Households with a householder who is Hispanic or Latino -- (Margin of Error)
,AGE OF HOUSEHOLDER BY HOUSEHOLD INCOME IN THE PAST 12 MONTHS (IN 2016 INFLATION-ADJUSTED DOLLARS): Total: Households -- (Estimate)
,AGE OF HOUSEHOLDER BY HOUSEHOLD INCOME IN THE PAST 12 MONTHS (IN 2016 INFLATION-ADJUSTED DOLLARS): Total: Households -- (Margin of Error)
,AGE OF HOUSEHOLDER BY HOUSEHOLD INCOME IN THE PAST 12 MONTHS (IN 2016 INFLATION-ADJUSTED DOLLARS): Householder under 25 years: Households -- (Estimate)
,AGE OF HOUSEHOLDER BY HOUSEHOLD INCOME IN THE PAST 12 MONTHS (IN 2016 INFLATION-ADJUSTED DOLLARS): Householder under 25 years: Households -- (Margin of Error)
,"AGE OF HOUSEHOLDER BY HOUSEHOLD INCOME IN THE PAST 12 MONTHS (IN 2016 INFLATION-ADJUSTED DOLLARS): Householder under 25 years: Less than $10,000: Households -- (Estimate)"
,"AGE OF HOUSEHOLDER BY HOUSEHOLD INCOME IN THE PAST 12 MONTHS (IN 2016 INFLATION-ADJUSTED DOLLARS): Householder under 25 years: Less than $10,000: Households -- (Margin of Error)"
,"AGE OF HOUSEHOLDER BY HOUSEHOLD INCOME IN THE PAST 12 MONTHS (IN 2016 INFLATION-ADJUSTED DOLLARS): Householder under 25 years: $10,000 to $14,999: Households -- (Estimate)"
,"AGE OF HOUSEHOLDER BY HOUSEHOLD INCOME IN THE PAST 12 MONTHS (IN 2016 INFLATION-ADJUSTED DOLLARS): Householder under 25 years: $10,000 to $14,999: Households -- (Margin of Error)"
,"AGE OF HOUSEHOLDER BY HOUSEHOLD INCOME IN THE PAST 12 MONTHS (IN 2016 INFLATION-ADJUSTED DOLLARS): Householder under 25 years: $15,000 to $19,999: Households -- (Estimate)"
,"AGE OF HOUSEHOLDER BY HOUSEHOLD INCOME IN THE PAST 12 MONTHS (IN 2016 INFLATION-ADJUSTED DOLLARS): Householder under 25 years: $15,000 to $19,999: Households -- (Margin of Error)"
,"AGE OF HOUSEHOLDER BY HOUSEHOLD INCOME IN THE PAST 12 MONTHS (IN 2016 INFLATION-ADJUSTED DOLLARS): Householder under 25 years: $20,000 to $24,999: Households -- (Estimate)"
,"AGE OF HOUSEHOLDER BY HOUSEHOLD INCOME IN THE PAST 12 MONTHS (IN 2016 INFLATION-ADJUSTED DOLLARS): Householder under 25 years: $20,000 to $24,999: Households -- (Margin of Error)"
,"AGE OF HOUSEHOLDER BY HOUSEHOLD INCOME IN THE PAST 12 MONTHS (IN 2016 INFLATION-ADJUSTED DOLLARS): Householder under 25 years: $25,000 to $29,999: Households -- (Estimate)"
,"AGE OF HOUSEHOLDER BY HOUSEHOLD INCOME IN THE PAST 12 MONTHS (IN 2016 INFLATION-ADJUSTED DOLLARS): Householder under 25 years: $25,000 to $29,999: Households -- (Margin of Error)"
,"AGE OF HOUSEHOLDER BY HOUSEHOLD INCOME IN THE PAST 12 MONTHS (IN 2016 INFLATION-ADJUSTED DOLLARS): Householder under 25 years: $30,000 to $34,999: Households -- (Estimate)"
,"AGE OF HOUSEHOLDER BY HOUSEHOLD INCOME IN THE PAST 12 MONTHS (IN 2016 INFLATION-ADJUSTED DOLLARS): Householder under 25 years: $30,000 to $34,999: Households -- (Margin of Error)"
,"AGE OF HOUSEHOLDER BY HOUSEHOLD INCOME IN THE PAST 12 MONTHS (IN 2016 INFLATION-ADJUSTED DOLLARS): Householder under 25 years: $35,000 to $39,999: Households -- (Estimate)"
,"AGE OF HOUSEHOLDER BY HOUSEHOLD INCOME IN THE PAST 12 MONTHS (IN 2016 INFLATION-ADJUSTED DOLLARS): Householder under 25 years: $35,000 to $39,999: Households -- (Margin of Error)"
,"AGE OF HOUSEHOLDER BY HOUSEHOLD INCOME IN THE PAST 12 MONTHS (IN 2016 INFLATION-ADJUSTED DOLLARS): Householder under 25 years: $40,000 to $44,999: Households -- (Estimate)"
,"AGE OF HOUSEHOLDER BY HOUSEHOLD INCOME IN THE PAST 12 MONTHS (IN 2016 INFLATION-ADJUSTED DOLLARS): Householder under 25 years: $40,000 to $44,999: Households -- (Margin of Error)"
,"AGE OF HOUSEHOLDER BY HOUSEHOLD INCOME IN THE PAST 12 MONTHS (IN 2016 INFLATION-ADJUSTED DOLLARS): Householder under 25 years: $45,000 to $49,999: Households -- (Estimate)"
,"AGE OF HOUSEHOLDER BY HOUSEHOLD INCOME IN THE PAST 12 MONTHS (IN 2016 INFLATION-ADJUSTED DOLLARS): Householder under 25 years: $45,000 to $49,999: Households -- (Margin of Error)"
,"AGE OF HOUSEHOLDER BY HOUSEHOLD INCOME IN THE PAST 12 MONTHS (IN 2016 INFLATION-ADJUSTED DOLLARS): Householder under 25 years: $50,000 to $59,999: Households -- (Estimate)"
,"AGE OF HOUSEHOLDER BY HOUSEHOLD INCOME IN THE PAST 12 MONTHS (IN 2016 INFLATION-ADJUSTED DOLLARS): Householder under 25 years: $50,000 to $59,999: Households -- (Margin of Error)"
,"AGE OF HOUSEHOLDER BY HOUSEHOLD INCOME IN THE PAST 12 MONTHS (IN 2016 INFLATION-ADJUSTED DOLLARS): Householder under 25 years: $60,000 to $74,999: Households -- (Estimate)"
,"AGE OF HOUSEHOLDER BY HOUSEHOLD INCOME IN THE PAST 12 MONTHS (IN 2016 INFLATION-ADJUSTED DOLLARS): Householder under 25 years: $60,000 to $74,999: Households -- (Margin of Error)"
,"AGE OF HOUSEHOLDER BY HOUSEHOLD INCOME IN THE PAST 12 MONTHS (IN 2016 INFLATION-ADJUSTED DOLLARS): Householder under 25 years: $75,000 to $99,999: Households -- (Estimate)"
,"AGE OF HOUSEHOLDER BY HOUSEHOLD INCOME IN THE PAST 12 MONTHS (IN 2016 INFLATION-ADJUSTED DOLLARS): Householder under 25 years: $75,000 to $99,999: Households -- (Margin of Error)"
,"AGE OF HOUSEHOLDER BY HOUSEHOLD INCOME IN THE PAST 12 MONTHS (IN 2016 INFLATION-ADJUSTED DOLLARS): Householder under 25 years: $100,000 to $124,999: Households -- (Estimate)"
,"AGE OF HOUSEHOLDER BY HOUSEHOLD INCOME IN THE PAST 12 MONTHS (IN 2016 INFLATION-ADJUSTED DOLLARS): Householder under 25 years: $100,000 to $124,999: Households -- (Margin of Error)"
,"AGE OF HOUSEHOLDER BY HOUSEHOLD INCOME IN THE PAST 12 MONTHS (IN 2016 INFLATION-ADJUSTED DOLLARS): Householder under 25 years: $125,000 to $149,999: Households -- (Estimate)"
,"AGE OF HOUSEHOLDER BY HOUSEHOLD INCOME IN THE PAST 12 MONTHS (IN 2016 INFLATION-ADJUSTED DOLLARS): Householder under 25 years: $125,000 to $149,999: Households -- (Margin of Error)"
,"AGE OF HOUSEHOLDER BY HOUSEHOLD INCOME IN THE PAST 12 MONTHS (IN 2016 INFLATION-ADJUSTED DOLLARS): Householder under 25 years: $150,000 to $199,999: Households -- (Estimate)"
,"AGE OF HOUSEHOLDER BY HOUSEHOLD INCOME IN THE PAST 12 MONTHS (IN 2016 INFLATION-ADJUSTED DOLLARS): Householder under 25 years: $150,000 to $199,999: Households -- (Margin of Error)"
,"AGE OF HOUSEHOLDER BY HOUSEHOLD INCOME IN THE PAST 12 MONTHS (IN 2016 INFLATION-ADJUSTED DOLLARS): Householder under 25 years: $200,000 or more: Households -- (Estimate)"
,"AGE OF HOUSEHOLDER BY HOUSEHOLD INCOME IN THE PAST 12 MONTHS (IN 2016 INFLATION-ADJUSTED DOLLARS): Householder under 25 years: $200,000 or more: Households -- (Margin of Error)"
,AGE OF HOUSEHOLDER BY HOUSEHOLD INCOME IN THE PAST 12 MONTHS (IN 2016 INFLATION-ADJUSTED DOLLARS): Householder 25 to 44 years: Households -- (Estimate)
,AGE OF HOUSEHOLDER BY HOUSEHOLD INCOME IN THE PAST 12 MONTHS (IN 2016 INFLATION-ADJUSTED DOLLARS): Householder 25 to 44 years: Households -- (Margin of Error)
,"AGE OF HOUSEHOLDER BY HOUSEHOLD INCOME IN THE PAST 12 MONTHS (IN 2016 INFLATION-ADJUSTED DOLLARS): Householder 25 to 44 years: Less than $10,000: Households -- (Estimate)"
,"AGE OF HOUSEHOLDER BY HOUSEHOLD INCOME IN THE PAST 12 MONTHS (IN 2016 INFLATION-ADJUSTED DOLLARS): Householder 25 to 44 years: Less than $10,000: Households -- (Margin of Error)"
,"AGE OF HOUSEHOLDER BY HOUSEHOLD INCOME IN THE PAST 12 MONTHS (IN 2016 INFLATION-ADJUSTED DOLLARS): Householder 25 to 44 years: $10,000 to $14,999: Households -- (Estimate)"
,"AGE OF HOUSEHOLDER BY HOUSEHOLD INCOME IN THE PAST 12 MONTHS (IN 2016 INFLATION-ADJUSTED DOLLARS): Householder 25 to 44 years: $10,000 to $14,999: Households -- (Margin of Error)"
,"AGE OF HOUSEHOLDER BY HOUSEHOLD INCOME IN THE PAST 12 MONTHS (IN 2016 INFLATION-ADJUSTED DOLLARS): Householder 25 to 44 years: $15,000 to $19,999: Households -- (Estimate)"
,"AGE OF HOUSEHOLDER BY HOUSEHOLD INCOME IN THE PAST 12 MONTHS (IN 2016 INFLATION-ADJUSTED DOLLARS): Householder 25 to 44 years: $15,000 to $19,999: Households -- (Margin of Error)"
,"AGE OF HOUSEHOLDER BY HOUSEHOLD INCOME IN THE PAST 12 MONTHS (IN 2016 INFLATION-ADJUSTED DOLLARS): Householder 25 to 44 years: $20,000 to $24,999: Households -- (Estimate)"
,"AGE OF HOUSEHOLDER BY HOUSEHOLD INCOME IN THE PAST 12 MONTHS (IN 2016 INFLATION-ADJUSTED DOLLARS): Householder 25 to 44 years: $20,000 to $24,999: Households -- (Margin of Error)"
,"AGE OF HOUSEHOLDER BY HOUSEHOLD INCOME IN THE PAST 12 MONTHS (IN 2016 INFLATION-ADJUSTED DOLLARS): Householder 25 to 44 years: $25,000 to $29,999: Households -- (Estimate)"
,"AGE OF HOUSEHOLDER BY HOUSEHOLD INCOME IN THE PAST 12 MONTHS (IN 2016 INFLATION-ADJUSTED DOLLARS): Householder 25 to 44 years: $25,000 to $29,999: Households -- (Margin of Error)"
,"AGE OF HOUSEHOLDER BY HOUSEHOLD INCOME IN THE PAST 12 MONTHS (IN 2016 INFLATION-ADJUSTED DOLLARS): Householder 25 to 44 years: $30,000 to $34,999: Households -- (Estimate)"
,"AGE OF HOUSEHOLDER BY HOUSEHOLD INCOME IN THE PAST 12 MONTHS (IN 2016 INFLATION-ADJUSTED DOLLARS): Householder 25 to 44 years: $30,000 to $34,999: Households -- (Margin of Error)"
,"AGE OF HOUSEHOLDER BY HOUSEHOLD INCOME IN THE PAST 12 MONTHS (IN 2016 INFLATION-ADJUSTED DOLLARS): Householder 25 to 44 years: $35,000 to $39,999: Households -- (Estimate)"
,"AGE OF HOUSEHOLDER BY HOUSEHOLD INCOME IN THE PAST 12 MONTHS (IN 2016 INFLATION-ADJUSTED DOLLARS): Householder 25 to 44 years: $35,000 to $39,999: Households -- (Margin of Error)"
,"AGE OF HOUSEHOLDER BY HOUSEHOLD INCOME IN THE PAST 12 MONTHS (IN 2016 INFLATION-ADJUSTED DOLLARS): Householder 25 to 44 years: $40,000 to $44,999: Households -- (Estimate)"
,"AGE OF HOUSEHOLDER BY HOUSEHOLD INCOME IN THE PAST 12 MONTHS (IN 2016 INFLATION-ADJUSTED DOLLARS): Householder 25 to 44 years: $40,000 to $44,999: Households -- (Margin of Error)"
,"AGE OF HOUSEHOLDER BY HOUSEHOLD INCOME IN THE PAST 12 MONTHS (IN 2016 INFLATION-ADJUSTED DOLLARS): Householder 25 to 44 years: $45,000 to $49,999: Households -- (Estimate)"
,"AGE OF HOUSEHOLDER BY HOUSEHOLD INCOME IN THE PAST 12 MONTHS (IN 2016 INFLATION-ADJUSTED DOLLARS): Householder 25 to 44 years: $45,000 to $49,999: Households -- (Margin of Error)"
,"AGE OF HOUSEHOLDER BY HOUSEHOLD INCOME IN THE PAST 12 MONTHS (IN 2016 INFLATION-ADJUSTED DOLLARS): Householder 25 to 44 years: $50,000 to $59,999: Households -- (Estimate)"
,"AGE OF HOUSEHOLDER BY HOUSEHOLD INCOME IN THE PAST 12 MONTHS (IN 2016 INFLATION-ADJUSTED DOLLARS): Householder 25 to 44 years: $50,000 to $59,999: Households -- (Margin of Error)"
,"AGE OF HOUSEHOLDER BY HOUSEHOLD INCOME IN THE PAST 12 MONTHS (IN 2016 INFLATION-ADJUSTED DOLLARS): Householder 25 to 44 years: $60,000 to $74,999: Households -- (Estimate)"
,"AGE OF HOUSEHOLDER BY HOUSEHOLD INCOME IN THE PAST 12 MONTHS (IN 2016 INFLATION-ADJUSTED DOLLARS): Householder 25 to 44 years: $60,000 to $74,999: Households -- (Margin of Error)"
,"AGE OF HOUSEHOLDER BY HOUSEHOLD INCOME IN THE PAST 12 MONTHS (IN 2016 INFLATION-ADJUSTED DOLLARS): Householder 25 to 44 years: $75,000 to $99,999: Households -- (Estimate)"
,"AGE OF HOUSEHOLDER BY HOUSEHOLD INCOME IN THE PAST 12 MONTHS (IN 2016 INFLATION-ADJUSTED DOLLARS): Householder 25 to 44 years: $75,000 to $99,999: Households -- (Margin of Error)"
,"AGE OF HOUSEHOLDER BY HOUSEHOLD INCOME IN THE PAST 12 MONTHS (IN 2016 INFLATION-ADJUSTED DOLLARS): Householder 25 to 44 years: $100,000 to $124,999: Households -- (Estimate)"
,"AGE OF HOUSEHOLDER BY HOUSEHOLD INCOME IN THE PAST 12 MONTHS (IN 2016 INFLATION-ADJUSTED DOLLARS): Householder 25 to 44 years: $100,000 to $124,999: Households -- (Margin of Error)"
,"AGE OF HOUSEHOLDER BY HOUSEHOLD INCOME IN THE PAST 12 MONTHS (IN 2016 INFLATION-ADJUSTED DOLLARS): Householder 25 to 44 years: $125,000 to $149,999: Households -- (Estimate)"
,"AGE OF HOUSEHOLDER BY HOUSEHOLD INCOME IN THE PAST 12 MONTHS (IN 2016 INFLATION-ADJUSTED DOLLARS): Householder 25 to 44 years: $125,000 to $149,999: Households -- (Margin of Error)"
,"AGE OF HOUSEHOLDER BY HOUSEHOLD INCOME IN THE PAST 12 MONTHS (IN 2016 INFLATION-ADJUSTED DOLLARS): Householder 25 to 44 years: $150,000 to $199,999: Households -- (Estimate)"
,"AGE OF HOUSEHOLDER BY HOUSEHOLD INCOME IN THE PAST 12 MONTHS (IN 2016 INFLATION-ADJUSTED DOLLARS): Householder 25 to 44 years: $150,000 to $199,999: Households -- (Margin of Error)"
,"AGE OF HOUSEHOLDER BY HOUSEHOLD INCOME IN THE PAST 12 MONTHS (IN 2016 INFLATION-ADJUSTED DOLLARS): Householder 25 to 44 years: $200,000 or more: Households -- (Estimate)"
,"AGE OF HOUSEHOLDER BY HOUSEHOLD INCOME IN THE PAST 12 MONTHS (IN 2016 INFLATION-ADJUSTED DOLLARS): Householder 25 to 44 years: $200,000 or more: Households -- (Margin of Error)"
,AGE OF HOUSEHOLDER BY HOUSEHOLD INCOME IN THE PAST 12 MONTHS (IN 2016 INFLATION-ADJUSTED DOLLARS): Householder 45 to 64 years: Households -- (Estimate)
,AGE OF HOUSEHOLDER BY HOUSEHOLD INCOME IN THE PAST 12 MONTHS (IN 2016 INFLATION-ADJUSTED DOLLARS): Householder 45 to 64 years: Households -- (Margin of Error)
,"AGE OF HOUSEHOLDER BY HOUSEHOLD INCOME IN THE PAST 12 MONTHS (IN 2016 INFLATION-ADJUSTED DOLLARS): Householder 45 to 64 years: Less than $10,000: Households -- (Estimate)"
,"AGE OF HOUSEHOLDER BY HOUSEHOLD INCOME IN THE PAST 12 MONTHS (IN 2016 INFLATION-ADJUSTED DOLLARS): Householder 45 to 64 years: Less than $10,000: Households -- (Margin of Error)"
,"AGE OF HOUSEHOLDER BY HOUSEHOLD INCOME IN THE PAST 12 MONTHS (IN 2016 INFLATION-ADJUSTED DOLLARS): Householder 45 to 64 years: $10,000 to $14,999: Households -- (Estimate)"
,"AGE OF HOUSEHOLDER BY HOUSEHOLD INCOME IN THE PAST 12 MONTHS (IN 2016 INFLATION-ADJUSTED DOLLARS): Householder 45 to 64 years: $10,000 to $14,999: Households -- (Margin of Error)"
,"AGE OF HOUSEHOLDER BY HOUSEHOLD INCOME IN THE PAST 12 MONTHS (IN 2016 INFLATION-ADJUSTED DOLLARS): Householder 45 to 64 years: $15,000 to $19,999: Households -- (Estimate)"
,"AGE OF HOUSEHOLDER BY HOUSEHOLD INCOME IN THE PAST 12 MONTHS (IN 2016 INFLATION-ADJUSTED DOLLARS): Householder 45 to 64 years: $15,000 to $19,999: Households -- (Margin of Error)"
,"AGE OF HOUSEHOLDER BY HOUSEHOLD INCOME IN THE PAST 12 MONTHS (IN 2016 INFLATION-ADJUSTED DOLLARS): Householder 45 to 64 years: $20,000 to $24,999: Households -- (Estimate)"
,"AGE OF HOUSEHOLDER BY HOUSEHOLD INCOME IN THE PAST 12 MONTHS (IN 2016 INFLATION-ADJUSTED DOLLARS): Householder 45 to 64 years: $20,000 to $24,999: Households -- (Margin of Error)"
,"AGE OF HOUSEHOLDER BY HOUSEHOLD INCOME IN THE PAST 12 MONTHS (IN 2016 INFLATION-ADJUSTED DOLLARS): Householder 45 to 64 years: $25,000 to $29,999: Households -- (Estimate)"
,"AGE OF HOUSEHOLDER BY HOUSEHOLD INCOME IN THE PAST 12 MONTHS (IN 2016 INFLATION-ADJUSTED DOLLARS): Householder 45 to 64 years: $25,000 to $29,999: Households -- (Margin of Error)"
,"AGE OF HOUSEHOLDER BY HOUSEHOLD INCOME IN THE PAST 12 MONTHS (IN 2016 INFLATION-ADJUSTED DOLLARS): Householder 45 to 64 years: $30,000 to $34,999: Households -- (Estimate)"
,"AGE OF HOUSEHOLDER BY HOUSEHOLD INCOME IN THE PAST 12 MONTHS (IN 2016 INFLATION-ADJUSTED DOLLARS): Householder 45 to 64 years: $30,000 to $34,999: Households -- (Margin of Error)"
,"AGE OF HOUSEHOLDER BY HOUSEHOLD INCOME IN THE PAST 12 MONTHS (IN 2016 INFLATION-ADJUSTED DOLLARS): Householder 45 to 64 years: $35,000 to $39,999: Households -- (Estimate)"
,"AGE OF HOUSEHOLDER BY HOUSEHOLD INCOME IN THE PAST 12 MONTHS (IN 2016 INFLATION-ADJUSTED DOLLARS): Householder 45 to 64 years: $35,000 to $39,999: Households -- (Margin of Error)"
,"AGE OF HOUSEHOLDER BY HOUSEHOLD INCOME IN THE PAST 12 MONTHS (IN 2016 INFLATION-ADJUSTED DOLLARS): Householder 45 to 64 years: $40,000 to $44,999: Households -- (Estimate)"
,"AGE OF HOUSEHOLDER BY HOUSEHOLD INCOME IN THE PAST 12 MONTHS (IN 2016 INFLATION-ADJUSTED DOLLARS): Householder 45 to 64 years: $40,000 to $44,999: Households -- (Margin of Error)"
,"AGE OF HOUSEHOLDER BY HOUSEHOLD INCOME IN THE PAST 12 MONTHS (IN 2016 INFLATION-ADJUSTED DOLLARS): Householder 45 to 64 years: $45,000 to $49,999: Households -- (Estimate)"
,"AGE OF HOUSEHOLDER BY HOUSEHOLD INCOME IN THE PAST 12 MONTHS (IN 2016 INFLATION-ADJUSTED DOLLARS): Householder 45 to 64 years: $45,000 to $49,999: Households -- (Margin of Error)"
,"AGE OF HOUSEHOLDER BY HOUSEHOLD INCOME IN THE PAST 12 MONTHS (IN 2016 INFLATION-ADJUSTED DOLLARS): Householder 45 to 64 years: $50,000 to $59,999: Households -- (Estimate)"
,"AGE OF HOUSEHOLDER BY HOUSEHOLD INCOME IN THE PAST 12 MONTHS (IN 2016 INFLATION-ADJUSTED DOLLARS): Householder 45 to 64 years: $50,000 to $59,999: Households -- (Margin of Error)"
,"AGE OF HOUSEHOLDER BY HOUSEHOLD INCOME IN THE PAST 12 MONTHS (IN 2016 INFLATION-ADJUSTED DOLLARS): Householder 45 to 64 years: $60,000 to $74,999: Households -- (Estimate)"
,"AGE OF HOUSEHOLDER BY HOUSEHOLD INCOME IN THE PAST 12 MONTHS (IN 2016 INFLATION-ADJUSTED DOLLARS): Householder 45 to 64 years: $60,000 to $74,999: Households -- (Margin of Error)"
,"AGE OF HOUSEHOLDER BY HOUSEHOLD INCOME IN THE PAST 12 MONTHS (IN 2016 INFLATION-ADJUSTED DOLLARS): Householder 45 to 64 years: $75,000 to $99,999: Households -- (Estimate)"
,"AGE OF HOUSEHOLDER BY HOUSEHOLD INCOME IN THE PAST 12 MONTHS (IN 2016 INFLATION-ADJUSTED DOLLARS): Householder 45 to 64 years: $75,000 to $99,999: Households -- (Margin of Error)"
,"AGE OF HOUSEHOLDER BY HOUSEHOLD INCOME IN THE PAST 12 MONTHS (IN 2016 INFLATION-ADJUSTED DOLLARS): Householder 45 to 64 years: $100,000 to $124,999: Households -- (Estimate)"
,"AGE OF HOUSEHOLDER BY HOUSEHOLD INCOME IN THE PAST 12 MONTHS (IN 2016 INFLATION-ADJUSTED DOLLARS): Householder 45 to 64 years: $100,000 to $124,999: Households -- (Margin of Error)"
,"AGE OF HOUSEHOLDER BY HOUSEHOLD INCOME IN THE PAST 12 MONTHS (IN 2016 INFLATION-ADJUSTED DOLLARS): Householder 45 to 64 years: $125,000 to $149,999: Households -- (Estimate)"
,"AGE OF HOUSEHOLDER BY HOUSEHOLD INCOME IN THE PAST 12 MONTHS (IN 2016 INFLATION-ADJUSTED DOLLARS): Householder 45 to 64 years: $125,000 to $149,999: Households -- (Margin of Error)"
,"AGE OF HOUSEHOLDER BY HOUSEHOLD INCOME IN THE PAST 12 MONTHS (IN 2016 INFLATION-ADJUSTED DOLLARS): Householder 45 to 64 years: $150,000 to $199,999: Households -- (Estimate)"
,"AGE OF HOUSEHOLDER BY HOUSEHOLD INCOME IN THE PAST 12 MONTHS (IN 2016 INFLATION-ADJUSTED DOLLARS): Householder 45 to 64 years: $150,000 to $199,999: Households -- (Margin of Error)"
,"AGE OF HOUSEHOLDER BY HOUSEHOLD INCOME IN THE PAST 12 MONTHS (IN 2016 INFLATION-ADJUSTED DOLLARS): Householder 45 to 64 years: $200,000 or more: Households -- (Estimate)"
,"AGE OF HOUSEHOLDER BY HOUSEHOLD INCOME IN THE PAST 12 MONTHS (IN 2016 INFLATION-ADJUSTED DOLLARS): Householder 45 to 64 years: $200,000 or more: Households -- (Margin of Error)"
,AGE OF HOUSEHOLDER BY HOUSEHOLD INCOME IN THE PAST 12 MONTHS (IN 2016 INFLATION-ADJUSTED DOLLARS): Householder 65 years and over: Households -- (Estimate)
,AGE OF HOUSEHOLDER BY HOUSEHOLD INCOME IN THE PAST 12 MONTHS (IN 2016 INFLATION-ADJUSTED DOLLARS): Householder 65 years and over: Households -- (Margin of Error)
,"AGE OF HOUSEHOLDER BY HOUSEHOLD INCOME IN THE PAST 12 MONTHS (IN 2016 INFLATION-ADJUSTED DOLLARS): Householder 65 years and over: Less than $10,000: Households -- (Estimate)"
,"AGE OF HOUSEHOLDER BY HOUSEHOLD INCOME IN THE PAST 12 MONTHS (IN 2016 INFLATION-ADJUSTED DOLLARS): Householder 65 years and over: Less than $10,000: Households -- (Margin of Error)"
,"AGE OF HOUSEHOLDER BY HOUSEHOLD INCOME IN THE PAST 12 MONTHS (IN 2016 INFLATION-ADJUSTED DOLLARS): Householder 65 years and over: $10,000 to $14,999: Households -- (Estimate)"
,"AGE OF HOUSEHOLDER BY HOUSEHOLD INCOME IN THE PAST 12 MONTHS (IN 2016 INFLATION-ADJUSTED DOLLARS): Householder 65 years and over: $10,000 to $14,999: Households -- (Margin of Error)"
,"AGE OF HOUSEHOLDER BY HOUSEHOLD INCOME IN THE PAST 12 MONTHS (IN 2016 INFLATION-ADJUSTED DOLLARS): Householder 65 years and over: $15,000 to $19,999: Households -- (Estimate)"
,"AGE OF HOUSEHOLDER BY HOUSEHOLD INCOME IN THE PAST 12 MONTHS (IN 2016 INFLATION-ADJUSTED DOLLARS): Householder 65 years and over: $15,000 to $19,999: Households -- (Margin of Error)"
,"AGE OF HOUSEHOLDER BY HOUSEHOLD INCOME IN THE PAST 12 MONTHS (IN 2016 INFLATION-ADJUSTED DOLLARS): Householder 65 years and over: $20,000 to $24,999: Households -- (Estimate)"
,"AGE OF HOUSEHOLDER BY HOUSEHOLD INCOME IN THE PAST 12 MONTHS (IN 2016 INFLATION-ADJUSTED DOLLARS): Householder 65 years and over: $20,000 to $24,999: Households -- (Margin of Error)"
,"AGE OF HOUSEHOLDER BY HOUSEHOLD INCOME IN THE PAST 12 MONTHS (IN 2016 INFLATION-ADJUSTED DOLLARS): Householder 65 years and over: $25,000 to $29,999: Households -- (Estimate)"
,"AGE OF HOUSEHOLDER BY HOUSEHOLD INCOME IN THE PAST 12 MONTHS (IN 2016 INFLATION-ADJUSTED DOLLARS): Householder 65 years and over: $25,000 to $29,999: Households -- (Margin of Error)"
,"AGE OF HOUSEHOLDER BY HOUSEHOLD INCOME IN THE PAST 12 MONTHS (IN 2016 INFLATION-ADJUSTED DOLLARS): Householder 65 years and over: $30,000 to $34,999: Households -- (Estimate)"
,"AGE OF HOUSEHOLDER BY HOUSEHOLD INCOME IN THE PAST 12 MONTHS (IN 2016 INFLATION-ADJUSTED DOLLARS): Householder 65 years and over: $30,000 to $34,999: Households -- (Margin of Error)"
,"AGE OF HOUSEHOLDER BY HOUSEHOLD INCOME IN THE PAST 12 MONTHS (IN 2016 INFLATION-ADJUSTED DOLLARS): Householder 65 years and over: $35,000 to $39,999: Households -- (Estimate)"
,"AGE OF HOUSEHOLDER BY HOUSEHOLD INCOME IN THE PAST 12 MONTHS (IN 2016 INFLATION-ADJUSTED DOLLARS): Householder 65 years and over: $35,000 to $39,999: Households -- (Margin of Error)"
,"AGE OF HOUSEHOLDER BY HOUSEHOLD INCOME IN THE PAST 12 MONTHS (IN 2016 INFLATION-ADJUSTED DOLLARS): Householder 65 years and over: $40,000 to $44,999: Households -- (Estimate)"
,"AGE OF HOUSEHOLDER BY HOUSEHOLD INCOME IN THE PAST 12 MONTHS (IN 2016 INFLATION-ADJUSTED DOLLARS): Householder 65 years and over: $40,000 to $44,999: Households -- (Margin of Error)"
,"AGE OF HOUSEHOLDER BY HOUSEHOLD INCOME IN THE PAST 12 MONTHS (IN 2016 INFLATION-ADJUSTED DOLLARS): Householder 65 years and over: $45,000 to $49,999: Households -- (Estimate)"
,"AGE OF HOUSEHOLDER BY HOUSEHOLD INCOME IN THE PAST 12 MONTHS (IN 2016 INFLATION-ADJUSTED DOLLARS): Householder 65 years and over: $45,000 to $49,999: Households -- (Margin of Error)"
,"AGE OF HOUSEHOLDER BY HOUSEHOLD INCOME IN THE PAST 12 MONTHS (IN 2016 INFLATION-ADJUSTED DOLLARS): Householder 65 years and over: $50,000 to $59,999: Households -- (Estimate)"
,"AGE OF HOUSEHOLDER BY HOUSEHOLD INCOME IN THE PAST 12 MONTHS (IN 2016 INFLATION-ADJUSTED DOLLARS): Householder 65 years and over: $50,000 to $59,999: Households -- (Margin of Error)"
,"AGE OF HOUSEHOLDER BY HOUSEHOLD INCOME IN THE PAST 12 MONTHS (IN 2016 INFLATION-ADJUSTED DOLLARS): Householder 65 years and over: $60,000 to $74,999: Households -- (Estimate)"
,"AGE OF HOUSEHOLDER BY HOUSEHOLD INCOME IN THE PAST 12 MONTHS (IN 2016 INFLATION-ADJUSTED DOLLARS): Householder 65 years and over: $60,000 to $74,999: Households -- (Margin of Error)"
,"AGE OF HOUSEHOLDER BY HOUSEHOLD INCOME IN THE PAST 12 MONTHS (IN 2016 INFLATION-ADJUSTED DOLLARS): Householder 65 years and over: $75,000 to $99,999: Households -- (Estimate)"
,"AGE OF HOUSEHOLDER BY HOUSEHOLD INCOME IN THE PAST 12 MONTHS (IN 2016 INFLATION-ADJUSTED DOLLARS): Householder 65 years and over: $75,000 to $99,999: Households -- (Margin of Error)"
,"AGE OF HOUSEHOLDER BY HOUSEHOLD INCOME IN THE PAST 12 MONTHS (IN 2016 INFLATION-ADJUSTED DOLLARS): Householder 65 years and over: $100,000 to $124,999: Households -- (Estimate)"
,"AGE OF HOUSEHOLDER BY HOUSEHOLD INCOME IN THE PAST 12 MONTHS (IN 2016 INFLATION-ADJUSTED DOLLARS): Householder 65 years and over: $100,000 to $124,999: Households -- (Margin of Error)"
,"AGE OF HOUSEHOLDER BY HOUSEHOLD INCOME IN THE PAST 12 MONTHS (IN 2016 INFLATION-ADJUSTED DOLLARS): Householder 65 years and over: $125,000 to $149,999: Households -- (Estimate)"
,"AGE OF HOUSEHOLDER BY HOUSEHOLD INCOME IN THE PAST 12 MONTHS (IN 2016 INFLATION-ADJUSTED DOLLARS): Householder 65 years and over: $125,000 to $149,999: Households -- (Margin of Error)"
,"AGE OF HOUSEHOLDER BY HOUSEHOLD INCOME IN THE PAST 12 MONTHS (IN 2016 INFLATION-ADJUSTED DOLLARS): Householder 65 years and over: $150,000 to $199,999: Households -- (Estimate)"
,"AGE OF HOUSEHOLDER BY HOUSEHOLD INCOME IN THE PAST 12 MONTHS (IN 2016 INFLATION-ADJUSTED DOLLARS): Householder 65 years and over: $150,000 to $199,999: Households -- (Margin of Error)"
,"AGE OF HOUSEHOLDER BY HOUSEHOLD INCOME IN THE PAST 12 MONTHS (IN 2016 INFLATION-ADJUSTED DOLLARS): Householder 65 years and over: $200,000 or more: Households -- (Estimate)"
,"AGE OF HOUSEHOLDER BY HOUSEHOLD INCOME IN THE PAST 12 MONTHS (IN 2016 INFLATION-ADJUSTED DOLLARS): Householder 65 years and over: $200,000 or more: Households -- (Margin of Error)"
,MEDIAN HOUSEHOLD INCOME IN THE PAST 12 MONTHS (IN 2016 INFLATION-ADJUSTED DOLLARS) BY AGE OF HOUSEHOLDER: Total: Households -- (Estimate)
,MEDIAN HOUSEHOLD INCOME IN THE PAST 12 MONTHS (IN 2016 INFLATION-ADJUSTED DOLLARS) BY AGE OF HOUSEHOLDER: Total: Households -- (Margin of Error)
,MEDIAN HOUSEHOLD INCOME IN THE PAST 12 MONTHS (IN 2016 INFLATION-ADJUSTED DOLLARS) BY AGE OF HOUSEHOLDER: Householder under 25 years: Households -- (Estimate)
,MEDIAN HOUSEHOLD INCOME IN THE PAST 12 MONTHS (IN 2016 INFLATION-ADJUSTED DOLLARS) BY AGE OF HOUSEHOLDER: Householder under 25 years: Households -- (Margin of Error)
,MEDIAN HOUSEHOLD INCOME IN THE PAST 12 MONTHS (IN 2016 INFLATION-ADJUSTED DOLLARS) BY AGE OF HOUSEHOLDER: Householder 25 to 44 years: Households -- (Estimate)
,MEDIAN HOUSEHOLD INCOME IN THE PAST 12 MONTHS (IN 2016 INFLATION-ADJUSTED DOLLARS) BY AGE OF HOUSEHOLDER: Householder 25 to 44 years: Households -- (Margin of Error)
,MEDIAN HOUSEHOLD INCOME IN THE PAST 12 MONTHS (IN 2016 INFLATION-ADJUSTED DOLLARS) BY AGE OF HOUSEHOLDER: Householder 45 to 64 years: Households -- (Estimate)
,MEDIAN HOUSEHOLD INCOME IN THE PAST 12 MONTHS (IN 2016 INFLATION-ADJUSTED DOLLARS) BY AGE OF HOUSEHOLDER: Householder 45 to 64 years: Households -- (Margin of Error)
,MEDIAN HOUSEHOLD INCOME IN THE PAST 12 MONTHS (IN 2016 INFLATION-ADJUSTED DOLLARS) BY AGE OF HOUSEHOLDER: Householder 65 years and over: Households -- (Estimate)
,MEDIAN HOUSEHOLD INCOME IN THE PAST 12 MONTHS (IN 2016 INFLATION-ADJUSTED DOLLARS) BY AGE OF HOUSEHOLDER: Householder 65 years and over: Households -- (Margin of Error)
,AGGREGATE HOUSEHOLD INCOME IN THE PAST 12 MONTHS (IN 2016 INFLATION-ADJUSTED DOLLARS) BY AGE OF HOUSEHOLDER: Total: Households -- (Estimate)
,AGGREGATE HOUSEHOLD INCOME IN THE PAST 12 MONTHS (IN 2016 INFLATION-ADJUSTED DOLLARS) BY AGE OF HOUSEHOLDER: Total: Households -- (Margin of Error)
,AGGREGATE HOUSEHOLD INCOME IN THE PAST 12 MONTHS (IN 2016 INFLATION-ADJUSTED DOLLARS) BY AGE OF HOUSEHOLDER: Householder under 25 years: Households -- (Estimate)
,AGGREGATE HOUSEHOLD INCOME IN THE PAST 12 MONTHS (IN 2016 INFLATION-ADJUSTED DOLLARS) BY AGE OF HOUSEHOLDER: Householder under 25 years: Households -- (Margin of Error)
,AGGREGATE HOUSEHOLD INCOME IN THE PAST 12 MONTHS (IN 2016 INFLATION-ADJUSTED DOLLARS) BY AGE OF HOUSEHOLDER: Householder 25 to 44 years: Households -- (Estimate)
,AGGREGATE HOUSEHOLD INCOME IN THE PAST 12 MONTHS (IN 2016 INFLATION-ADJUSTED DOLLARS) BY AGE OF HOUSEHOLDER: Householder 25 to 44 years: Households -- (Margin of Error)
,AGGREGATE HOUSEHOLD INCOME IN THE PAST 12 MONTHS (IN 2016 INFLATION-ADJUSTED DOLLARS) BY AGE OF HOUSEHOLDER: Householder 45 to 64 years: Households -- (Estimate)
,AGGREGATE HOUSEHOLD INCOME IN THE PAST 12 MONTHS (IN 2016 INFLATION-ADJUSTED DOLLARS) BY AGE OF HOUSEHOLDER: Householder 45 to 64 years: Households -- (Margin of Error)
,AGGREGATE HOUSEHOLD INCOME IN THE PAST 12 MONTHS (IN 2016 INFLATION-ADJUSTED DOLLARS) BY AGE OF HOUSEHOLDER: Householder 65 years and over: Households -- (Estimate)
,AGGREGATE HOUSEHOLD INCOME IN THE PAST 12 MONTHS (IN 2016 INFLATION-ADJUSTED DOLLARS) BY AGE OF HOUSEHOLDER: Householder 65 years and over: Households -- (Margin of Error)
,EARNINGS IN THE PAST 12 MONTHS FOR HOUSEHOLDS: Total: Households -- (Estimate)
,EARNINGS IN THE PAST 12 MONTHS FOR HOUSEHOLDS: Total: Households -- (Margin of Error)
,EARNINGS IN THE PAST 12 MONTHS FOR HOUSEHOLDS: With earnings: Households -- (Estimate)
,EARNINGS IN THE PAST 12 MONTHS FOR HOUSEHOLDS: With earnings: Households -- (Margin of Error)
,EARNINGS IN THE PAST 12 MONTHS FOR HOUSEHOLDS: No earnings: Households -- (Estimate)
,EARNINGS IN THE PAST 12 MONTHS FOR HOUSEHOLDS: No earnings: Households -- (Margin of Error)
,WAGE OR SALARY INCOME IN THE PAST 12 MONTHS FOR HOUSEHOLDS: Total: Households -- (Estimate)
,WAGE OR SALARY INCOME IN THE PAST 12 MONTHS FOR HOUSEHOLDS: Total: Households -- (Margin of Error)
,WAGE OR SALARY INCOME IN THE PAST 12 MONTHS FOR HOUSEHOLDS: With wage or salary income: Households -- (Estimate)
,WAGE OR SALARY INCOME IN THE PAST 12 MONTHS FOR HOUSEHOLDS: With wage or salary income: Households -- (Margin of Error)
,WAGE OR SALARY INCOME IN THE PAST 12 MONTHS FOR HOUSEHOLDS: No wage or salary income: Households -- (Estimate)
,WAGE OR SALARY INCOME IN THE PAST 12 MONTHS FOR HOUSEHOLDS: No wage or salary income: Households -- (Margin of Error)
,SELF-EMPLOYMENT INCOME IN THE PAST 12 MONTHS FOR HOUSEHOLDS: Total: Households -- (Estimate)
,SELF-EMPLOYMENT INCOME IN THE PAST 12 MONTHS FOR HOUSEHOLDS: Total: Households -- (Margin of Error)
,SELF-EMPLOYMENT INCOME IN THE PAST 12 MONTHS FOR HOUSEHOLDS: With self-employment income: Households -- (Estimate)
,SELF-EMPLOYMENT INCOME IN THE PAST 12 MONTHS FOR HOUSEHOLDS: With self-employment income: Households -- (Margin of Error)
,SELF-EMPLOYMENT INCOME IN THE PAST 12 MONTHS FOR HOUSEHOLDS: No self-employment income: Households -- (Estimate)
,SELF-EMPLOYMENT INCOME IN THE PAST 12 MONTHS FOR HOUSEHOLDS: No self-employment income: Households -- (Margin of Error)
,"INTEREST, DIVIDENDS, OR NET RENTAL INCOME IN THE PAST 12 MONTHS FOR HOUSEHOLDS: Total: Households -- (Estimate)"
,"INTEREST, DIVIDENDS, OR NET RENTAL INCOME IN THE PAST 12 MONTHS FOR HOUSEHOLDS: Total: Households -- (Margin of Error)"
,"INTEREST, DIVIDENDS, OR NET RENTAL INCOME IN THE PAST 12 MONTHS FOR HOUSEHOLDS: With interest, dividends, or net rental income: Households -- (Estimate)"
,"INTEREST, DIVIDENDS, OR NET RENTAL INCOME IN THE PAST 12 MONTHS FOR HOUSEHOLDS: With interest, dividends, or net rental income: Households -- (Margin of Error)"
,"INTEREST, DIVIDENDS, OR NET RENTAL INCOME IN THE PAST 12 MONTHS FOR HOUSEHOLDS: No interest, dividends, or net rental income: Households -- (Estimate)"
,"INTEREST, DIVIDENDS, OR NET RENTAL INCOME IN THE PAST 12 MONTHS FOR HOUSEHOLDS: No interest, dividends, or net rental income: Households -- (Margin of Error)"
,SOCIAL SECURITY INCOME IN THE PAST 12 MONTHS FOR HOUSEHOLDS: Total: Households -- (Estimate)
,SOCIAL SECURITY INCOME IN THE PAST 12 MONTHS FOR HOUSEHOLDS: Total: Households -- (Margin of Error)
,SOCIAL SECURITY INCOME IN THE PAST 12 MONTHS FOR HOUSEHOLDS: With Social Security income: Households -- (Estimate)
,SOCIAL SECURITY INCOME IN THE PAST 12 MONTHS FOR HOUSEHOLDS: With Social Security income: Households -- (Margin of Error)
,SOCIAL SECURITY INCOME IN THE PAST 12 MONTHS FOR HOUSEHOLDS: No Social Security income: Households -- (Estimate)
,SOCIAL SECURITY INCOME IN THE PAST 12 MONTHS FOR HOUSEHOLDS: No Social Security income: Households -- (Margin of Error)
,SUPPLEMENTAL SECURITY INCOME (SSI) IN THE PAST 12 MONTHS FOR HOUSEHOLDS: Total: Households -- (Estimate)
,SUPPLEMENTAL SECURITY INCOME (SSI) IN THE PAST 12 MONTHS FOR HOUSEHOLDS: Total: Households -- (Margin of Error)
,SUPPLEMENTAL SECURITY INCOME (SSI) IN THE PAST 12 MONTHS FOR HOUSEHOLDS: With Supplemental Security Income (SSI): Households -- (Estimate)
,SUPPLEMENTAL SECURITY INCOME (SSI) IN THE PAST 12 MONTHS FOR HOUSEHOLDS: With Supplemental Security Income (SSI): Households -- (Margin of Error)
,SUPPLEMENTAL SECURITY INCOME (SSI) IN THE PAST 12 MONTHS FOR HOUSEHOLDS: No Supplemental Security Income (SSI): Households -- (Estimate)
,SUPPLEMENTAL SECURITY INCOME (SSI) IN THE PAST 12 MONTHS FOR HOUSEHOLDS: No Supplemental Security Income (SSI): Households -- (Margin of Error)
,PUBLIC ASSISTANCE INCOME IN THE PAST 12 MONTHS FOR HOUSEHOLDS: Total: Households -- (Estimate)
,PUBLIC ASSISTANCE INCOME IN THE PAST 12 MONTHS FOR HOUSEHOLDS: Total: Households -- (Margin of Error)
,PUBLIC ASSISTANCE INCOME IN THE PAST 12 MONTHS FOR HOUSEHOLDS: With public assistance income: Households -- (Estimate)
,PUBLIC ASSISTANCE INCOME IN THE PAST 12 MONTHS FOR HOUSEHOLDS: With public assistance income: Households -- (Margin of Error)
,PUBLIC ASSISTANCE INCOME IN THE PAST 12 MONTHS FOR HOUSEHOLDS: No public assistance income: Households -- (Estimate)
,PUBLIC ASSISTANCE INCOME IN THE PAST 12 MONTHS FOR HOUSEHOLDS: No public assistance income: Households -- (Margin of Error)
,RETIREMENT INCOME IN THE PAST 12 MONTHS FOR HOUSEHOLDS: Total: Households -- (Estimate)
,RETIREMENT INCOME IN THE PAST 12 MONTHS FOR HOUSEHOLDS: Total: Households -- (Margin of Error)
,RETIREMENT INCOME IN THE PAST 12 MONTHS FOR HOUSEHOLDS: With retirement income: Households -- (Estimate)
,RETIREMENT INCOME IN THE PAST 12 MONTHS FOR HOUSEHOLDS: With retirement income: Households -- (Margin of Error)
,RETIREMENT INCOME IN THE PAST 12 MONTHS FOR HOUSEHOLDS: No retirement income: Households -- (Estimate)
,RETIREMENT INCOME IN THE PAST 12 MONTHS FOR HOUSEHOLDS: No retirement income: Households -- (Margin of Error)
,OTHER TYPES OF INCOME IN THE PAST 12 MONTHS FOR HOUSEHOLDS: Total: Households -- (Estimate)
,OTHER TYPES OF INCOME IN THE PAST 12 MONTHS FOR HOUSEHOLDS: Total: Households -- (Margin of Error)
,OTHER TYPES OF INCOME IN THE PAST 12 MONTHS FOR HOUSEHOLDS: With other types of income: Households -- (Estimate)
,OTHER TYPES OF INCOME IN THE PAST 12 MONTHS FOR HOUSEHOLDS: With other types of income: Households -- (Margin of Error)
,OTHER TYPES OF INCOME IN THE PAST 12 MONTHS FOR HOUSEHOLDS: No other types of income: Households -- (Estimate)
,OTHER TYPES OF INCOME IN THE PAST 12 MONTHS FOR HOUSEHOLDS: No other types of income: Households -- (Margin of Error)
,AGGREGATE EARNINGS IN THE PAST 12 MONTHS (IN 2016 INFLATION-ADJUSTED DOLLARS) FOR HOUSEHOLDS: Total: Households -- (Estimate)
,AGGREGATE EARNINGS IN THE PAST 12 MONTHS (IN 2016 INFLATION-ADJUSTED DOLLARS) FOR HOUSEHOLDS: Total: Households -- (Margin of Error)
,AGGREGATE WAGE OR SALARY INCOME IN THE PAST 12 MONTHS (IN 2016 INFLATION-ADJUSTED DOLLARS) FOR HOUSEHOLDS: Total: Households -- (Estimate)
,AGGREGATE WAGE OR SALARY INCOME IN THE PAST 12 MONTHS (IN 2016 INFLATION-ADJUSTED DOLLARS) FOR HOUSEHOLDS: Total: Households -- (Margin of Error)
,AGGREGATE SELF-EMPLOYMENT INCOME IN THE PAST 12 MONTHS (IN 2016 INFLATION-ADJUSTED DOLLARS) FOR HOUSEHOLDS: Total: Households -- (Estimate)
,AGGREGATE SELF-EMPLOYMENT INCOME IN THE PAST 12 MONTHS (IN 2016 INFLATION-ADJUSTED DOLLARS) FOR HOUSEHOLDS: Total: Households -- (Margin of Error)
,"AGGREGATE INTEREST, DIVIDENDS, OR NET RENTAL INCOME IN THE PAST 12 MONTHS (IN 2016 INFLATION-ADJUSTED DOLLARS) FOR HOUSEHOLDS: Total: Households -- (Estimate)"
,"AGGREGATE INTEREST, DIVIDENDS, OR NET RENTAL INCOME IN THE PAST 12 MONTHS (IN 2016 INFLATION-ADJUSTED DOLLARS) FOR HOUSEHOLDS: Total: Households -- (Margin of Error)"
,AGGREGATE SOCIAL SECURITY INCOME IN THE PAST 12 MONTHS (IN 2016 INFLATION-ADJUSTED DOLLARS) FOR HOUSEHOLDS: Total: Households -- (Estimate)
,AGGREGATE SOCIAL SECURITY INCOME IN THE PAST 12 MONTHS (IN 2016 INFLATION-ADJUSTED DOLLARS) FOR HOUSEHOLDS: Total: Households -- (Margin of Error)
,AGGREGATE SUPPLEMENTAL SECURITY INCOME (SSI) IN THE PAST 12 MONTHS (IN 2016 INFLATION-ADJUSTED DOLLARS) FOR HOUSEHOLDS: Total: Households -- (Estimate)
,AGGREGATE SUPPLEMENTAL SECURITY INCOME (SSI) IN THE PAST 12 MONTHS (IN 2016 INFLATION-ADJUSTED DOLLARS) FOR HOUSEHOLDS: Total: Households -- (Margin of Error)
,AGGREGATE PUBLIC ASSISTANCE INCOME IN THE PAST 12 MONTHS (IN 2016 INFLATION-ADJUSTED DOLLARS) FOR HOUSEHOLDS: Total: Households -- (Estimate)
,AGGREGATE PUBLIC ASSISTANCE INCOME IN THE PAST 12 MONTHS (IN 2016 INFLATION-ADJUSTED DOLLARS) FOR HOUSEHOLDS: Total: Households -- (Margin of Error)
,AGGREGATE RETIREMENT INCOME IN THE PAST 12 MONTHS (IN 2016 INFLATION-ADJUSTED DOLLARS) FOR HOUSEHOLDS: Total: Households -- (Estimate)
,AGGREGATE RETIREMENT INCOME IN THE PAST 12 MONTHS (IN 2016 INFLATION-ADJUSTED DOLLARS) FOR HOUSEHOLDS: Total: Households -- (Margin of Error)
,AGGREGATE OTHER TYPES OF INCOME IN THE PAST 12 MONTHS (IN 2016 INFLATION-ADJUSTED DOLLARS) FOR HOUSEHOLDS: Total: Households -- (Estimate)
,AGGREGATE OTHER TYPES OF INCOME IN THE PAST 12 MONTHS (IN 2016 INFLATION-ADJUSTED DOLLARS) FOR HOUSEHOLDS: Total: Households -- (Margin of Error)
,FAMILY INCOME IN THE PAST 12 MONTHS (IN 2016 INFLATION-ADJUSTED DOLLARS): Total: Families -- (Estimate)
,FAMILY INCOME IN THE PAST 12 MONTHS (IN 2016 INFLATION-ADJUSTED DOLLARS): Total: Families -- (Margin of Error)
,"FAMILY INCOME IN THE PAST 12 MONTHS (IN 2016 INFLATION-ADJUSTED DOLLARS): Less than $10,000: Families -- (Estimate)"
,"FAMILY INCOME IN THE PAST 12 MONTHS (IN 2016 INFLATION-ADJUSTED DOLLARS): Less than $10,000: Families -- (Margin of Error)"
,"FAMILY INCOME IN THE PAST 12 MONTHS (IN 2016 INFLATION-ADJUSTED DOLLARS): $10,000 to $14,999: Families -- (Estimate)"
,"FAMILY INCOME IN THE PAST 12 MONTHS (IN 2016 INFLATION-ADJUSTED DOLLARS): $10,000 to $14,999: Families -- (Margin of Error)"
,"FAMILY INCOME IN THE PAST 12 MONTHS (IN 2016 INFLATION-ADJUSTED DOLLARS): $15,000 to $19,999: Families -- (Estimate)"
,"FAMILY INCOME IN THE PAST 12 MONTHS (IN 2016 INFLATION-ADJUSTED DOLLARS): $15,000 to $19,999: Families -- (Margin of Error)"
,"FAMILY INCOME IN THE PAST 12 MONTHS (IN 2016 INFLATION-ADJUSTED DOLLARS): $20,000 to $24,999: Families -- (Estimate)"
,"FAMILY INCOME IN THE PAST 12 MONTHS (IN 2016 INFLATION-ADJUSTED DOLLARS): $20,000 to $24,999: Families -- (Margin of Error)"
,"FAMILY INCOME IN THE PAST 12 MONTHS (IN 2016 INFLATION-ADJUSTED DOLLARS): $25,000 to $29,999: Families -- (Estimate)"
,"FAMILY INCOME IN THE PAST 12 MONTHS (IN 2016 INFLATION-ADJUSTED DOLLARS): $25,000 to $29,999: Families -- (Margin of Error)"
,"FAMILY INCOME IN THE PAST 12 MONTHS (IN 2016 INFLATION-ADJUSTED DOLLARS): $30,000 to $34,999: Families -- (Estimate)"
,"FAMILY INCOME IN THE PAST 12 MONTHS (IN 2016 INFLATION-ADJUSTED DOLLARS): $30,000 to $34,999: Families -- (Margin of Error)"
,"FAMILY INCOME IN THE PAST 12 MONTHS (IN 2016 INFLATION-ADJUSTED DOLLARS): $35,000 to $39,999: Families -- (Estimate)"
,"FAMILY INCOME IN THE PAST 12 MONTHS (IN 2016 INFLATION-ADJUSTED DOLLARS): $35,000 to $39,999: Families -- (Margin of Error)"
,"FAMILY INCOME IN THE PAST 12 MONTHS (IN 2016 INFLATION-ADJUSTED DOLLARS): $40,000 to $44,999: Families -- (Estimate)"
,"FAMILY INCOME IN THE PAST 12 MONTHS (IN 2016 INFLATION-ADJUSTED DOLLARS): $40,000 to $44,999: Families -- (Margin of Error)"
,"FAMILY INCOME IN THE PAST 12 MONTHS (IN 2016 INFLATION-ADJUSTED DOLLARS): $45,000 to $49,999: Families -- (Estimate)"
,"FAMILY INCOME IN THE PAST 12 MONTHS (IN 2016 INFLATION-ADJUSTED DOLLARS): $45,000 to $49,999: Families -- (Margin of Error)"
,"FAMILY INCOME IN THE PAST 12 MONTHS (IN 2016 INFLATION-ADJUSTED DOLLARS): $50,000 to $59,999: Families -- (Estimate)"
,"FAMILY INCOME IN THE PAST 12 MONTHS (IN 2016 INFLATION-ADJUSTED DOLLARS): $50,000 to $59,999: Families -- (Margin of Error)"
,"FAMILY INCOME IN THE PAST 12 MONTHS (IN 2016 INFLATION-ADJUSTED DOLLARS): $60,000 to $74,999: Families -- (Estimate)"
,"FAMILY INCOME IN THE PAST 12 MONTHS (IN 2016 INFLATION-ADJUSTED DOLLARS): $60,000 to $74,999: Families -- (Margin of Error)"
,"FAMILY INCOME IN THE PAST 12 MONTHS (IN 2016 INFLATION-ADJUSTED DOLLARS): $75,000 to $99,999: Families -- (Estimate)"
,"FAMILY INCOME IN THE PAST 12 MONTHS (IN 2016 INFLATION-ADJUSTED DOLLARS): $75,000 to $99,999: Families -- (Margin of Error)"
,"FAMILY INCOME IN THE PAST 12 MONTHS (IN 2016 INFLATION-ADJUSTED DOLLARS): $100,000 to $124,999: Families -- (Estimate)"
,"FAMILY INCOME IN THE PAST 12 MONTHS (IN 2016 INFLATION-ADJUSTED DOLLARS): $100,000 to $124,999: Families -- (Margin of Error)"
,"FAMILY INCOME IN THE PAST 12 MONTHS (IN 2016 INFLATION-ADJUSTED DOLLARS): $125,000 to $149,999: Families -- (Estimate)"
,"FAMILY INCOME IN THE PAST 12 MONTHS (IN 2016 INFLATION-ADJUSTED DOLLARS): $125,000 to $149,999: Families -- (Margin of Error)"
,"FAMILY INCOME IN THE PAST 12 MONTHS (IN 2016 INFLATION-ADJUSTED DOLLARS): $150,000 to $199,999: Families -- (Estimate)"
,"FAMILY INCOME IN THE PAST 12 MONTHS (IN 2016 INFLATION-ADJUSTED DOLLARS): $150,000 to $199,999: Families -- (Margin of Error)"
,"FAMILY INCOME IN THE PAST 12 MONTHS (IN 2016 INFLATION-ADJUSTED DOLLARS): $200,000 or more: Families -- (Estimate)"
,"FAMILY INCOME IN THE PAST 12 MONTHS (IN 2016 INFLATION-ADJUSTED DOLLARS): $200,000 or more: Families -- (Margin of Error)"
,AGGREGATE FAMILY INCOME IN THE PAST 12 MONTHS (IN 2016 INFLATION-ADJUSTED DOLLARS): Total: Families -- (Estimate)
,AGGREGATE FAMILY INCOME IN THE PAST 12 MONTHS (IN 2016 INFLATION-ADJUSTED DOLLARS): Total: Families -- (Margin of Error)
,NONFAMILY HOUSEHOLD INCOME IN THE PAST 12 MONTHS (IN 2016 INFLATION-ADJUSTED DOLLARS): Total: Nonfamily households -- (Estimate)
,NONFAMILY HOUSEHOLD INCOME IN THE PAST 12 MONTHS (IN 2016 INFLATION-ADJUSTED DOLLARS): Total: Nonfamily households -- (Margin of Error)
,"NONFAMILY HOUSEHOLD INCOME IN THE PAST 12 MONTHS (IN 2016 INFLATION-ADJUSTED DOLLARS): Less than $10,000: Nonfamily households -- (Estimate)"
,"NONFAMILY HOUSEHOLD INCOME IN THE PAST 12 MONTHS (IN 2016 INFLATION-ADJUSTED DOLLARS): Less than $10,000: Nonfamily households -- (Margin of Error)"
,"NONFAMILY HOUSEHOLD INCOME IN THE PAST 12 MONTHS (IN 2016 INFLATION-ADJUSTED DOLLARS): $10,000 to $14,999: Nonfamily households -- (Estimate)"
,"NONFAMILY HOUSEHOLD INCOME IN THE PAST 12 MONTHS (IN 2016 INFLATION-ADJUSTED DOLLARS): $10,000 to $14,999: Nonfamily households -- (Margin of Error)"
,"NONFAMILY HOUSEHOLD INCOME IN THE PAST 12 MONTHS (IN 2016 INFLATION-ADJUSTED DOLLARS): $15,000 to $19,999: Nonfamily households -- (Estimate)"
,"NONFAMILY HOUSEHOLD INCOME IN THE PAST 12 MONTHS (IN 2016 INFLATION-ADJUSTED DOLLARS): $15,000 to $19,999: Nonfamily households -- (Margin of Error)"
,"NONFAMILY HOUSEHOLD INCOME IN THE PAST 12 MONTHS (IN 2016 INFLATION-ADJUSTED DOLLARS): $20,000 to $24,999: Nonfamily households -- (Estimate)"
,"NONFAMILY HOUSEHOLD INCOME IN THE PAST 12 MONTHS (IN 2016 INFLATION-ADJUSTED DOLLARS): $20,000 to $24,999: Nonfamily households -- (Margin of Error)"
,"NONFAMILY HOUSEHOLD INCOME IN THE PAST 12 MONTHS (IN 2016 INFLATION-ADJUSTED DOLLARS): $25,000 to $29,999: Nonfamily households -- (Estimate)"
,"NONFAMILY HOUSEHOLD INCOME IN THE PAST 12 MONTHS (IN 2016 INFLATION-ADJUSTED DOLLARS): $25,000 to $29,999: Nonfamily households -- (Margin of Error)"
,"NONFAMILY HOUSEHOLD INCOME IN THE PAST 12 MONTHS (IN 2016 INFLATION-ADJUSTED DOLLARS): $30,000 to $34,999: Nonfamily households -- (Estimate)"
,"NONFAMILY HOUSEHOLD INCOME IN THE PAST 12 MONTHS (IN 2016 INFLATION-ADJUSTED DOLLARS): $30,000 to $34,999: Nonfamily households -- (Margin of Error)"
,"NONFAMILY HOUSEHOLD INCOME IN THE PAST 12 MONTHS (IN 2016 INFLATION-ADJUSTED DOLLARS): $35,000 to $39,999: Nonfamily households -- (Estimate)"
,"NONFAMILY HOUSEHOLD INCOME IN THE PAST 12 MONTHS (IN 2016 INFLATION-ADJUSTED DOLLARS): $35,000 to $39,999: Nonfamily households -- (Margin of Error)"
,"NONFAMILY HOUSEHOLD INCOME IN THE PAST 12 MONTHS (IN 2016 INFLATION-ADJUSTED DOLLARS): $40,000 to $44,999: Nonfamily households -- (Estimate)"
,"NONFAMILY HOUSEHOLD INCOME IN THE PAST 12 MONTHS (IN 2016 INFLATION-ADJUSTED DOLLARS): $40,000 to $44,999: Nonfamily households -- (Margin of Error)"
,"NONFAMILY HOUSEHOLD INCOME IN THE PAST 12 MONTHS (IN 2016 INFLATION-ADJUSTED DOLLARS): $45,000 to $49,999: Nonfamily households -- (Estimate)"
,"NONFAMILY HOUSEHOLD INCOME IN THE PAST 12 MONTHS (IN 2016 INFLATION-ADJUSTED DOLLARS): $45,000 to $49,999: Nonfamily households -- (Margin of Error)"
,"NONFAMILY HOUSEHOLD INCOME IN THE PAST 12 MONTHS (IN 2016 INFLATION-ADJUSTED DOLLARS): $50,000 to $59,999: Nonfamily households -- (Estimate)"
,"NONFAMILY HOUSEHOLD INCOME IN THE PAST 12 MONTHS (IN 2016 INFLATION-ADJUSTED DOLLARS): $50,000 to $59,999: Nonfamily households -- (Margin of Error)"
,"NONFAMILY HOUSEHOLD INCOME IN THE PAST 12 MONTHS (IN 2016 INFLATION-ADJUSTED DOLLARS): $60,000 to $74,999: Nonfamily households -- (Estimate)"
,"NONFAMILY HOUSEHOLD INCOME IN THE PAST 12 MONTHS (IN 2016 INFLATION-ADJUSTED DOLLARS): $60,000 to $74,999: Nonfamily households -- (Margin of Error)"
,"NONFAMILY HOUSEHOLD INCOME IN THE PAST 12 MONTHS (IN 2016 INFLATION-ADJUSTED DOLLARS): $75,000 to $99,999: Nonfamily households -- (Estimate)"
,"NONFAMILY HOUSEHOLD INCOME IN THE PAST 12 MONTHS (IN 2016 INFLATION-ADJUSTED DOLLARS): $75,000 to $99,999: Nonfamily households -- (Margin of Error)"
,"NONFAMILY HOUSEHOLD INCOME IN THE PAST 12 MONTHS (IN 2016 INFLATION-ADJUSTED DOLLARS): $100,000 to $124,999: Nonfamily households -- (Estimate)"
,"NONFAMILY HOUSEHOLD INCOME IN THE PAST 12 MONTHS (IN 2016 INFLATION-ADJUSTED DOLLARS): $100,000 to $124,999: Nonfamily households -- (Margin of Error)"
,"NONFAMILY HOUSEHOLD INCOME IN THE PAST 12 MONTHS (IN 2016 INFLATION-ADJUSTED DOLLARS): $125,000 to $149,999: Nonfamily households -- (Estimate)"
,"NONFAMILY HOUSEHOLD INCOME IN THE PAST 12 MONTHS (IN 2016 INFLATION-ADJUSTED DOLLARS): $125,000 to $149,999: Nonfamily households -- (Margin of Error)"
,"NONFAMILY HOUSEHOLD INCOME IN THE PAST 12 MONTHS (IN 2016 INFLATION-ADJUSTED DOLLARS): $150,000 to $199,999: Nonfamily households -- (Estimate)"
,"NONFAMILY HOUSEHOLD INCOME IN THE PAST 12 MONTHS (IN 2016 INFLATION-ADJUSTED DOLLARS): $150,000 to $199,999: Nonfamily households -- (Margin of Error)"
,"NONFAMILY HOUSEHOLD INCOME IN THE PAST 12 MONTHS (IN 2016 INFLATION-ADJUSTED DOLLARS): $200,000 or more: Nonfamily households -- (Estimate)"
,"NONFAMILY HOUSEHOLD INCOME IN THE PAST 12 MONTHS (IN 2016 INFLATION-ADJUSTED DOLLARS): $200,000 or more: Nonfamily households -- (Margin of Error)"
,MEDIAN NONFAMILY HOUSEHOLD INCOME IN THE PAST 12 MONTHS (IN 2016 INFLATION-ADJUSTED DOLLARS): Total: Nonfamily households -- (Estimate)
,MEDIAN NONFAMILY HOUSEHOLD INCOME IN THE PAST 12 MONTHS (IN 2016 INFLATION-ADJUSTED DOLLARS): Total: Nonfamily households -- (Margin of Error)
,AGGREGATE NONFAMILY HOUSEHOLD INCOME IN THE PAST 12 MONTHS (IN 2016 INFLATION-ADJUSTED DOLLARS): Total: Nonfamily households -- (Estimate)
,AGGREGATE NONFAMILY HOUSEHOLD INCOME IN THE PAST 12 MONTHS (IN 2016 INFLATION-ADJUSTED DOLLARS): Total: Nonfamily households -- (Margin of Error)
,PER CAPITA INCOME IN THE PAST 12 MONTHS (IN 2016 INFLATION-ADJUSTED DOLLARS): Total: Total population -- (Estimate)
,PER CAPITA INCOME IN THE PAST 12 MONTHS (IN 2016 INFLATION-ADJUSTED DOLLARS): Total: Total population -- (Margin of Error)
,PER CAPITA INCOME IN THE PAST 12 MONTHS (IN 2016 INFLATION-ADJUSTED DOLLARS) (WHITE ALONE): Total: People who are White alone -- (Estimate)
,PER CAPITA INCOME IN THE PAST 12 MONTHS (IN 2016 INFLATION-ADJUSTED DOLLARS) (WHITE ALONE): Total: People who are White alone -- (Margin of Error)
,PER CAPITA INCOME IN THE PAST 12 MONTHS (IN 2016 INFLATION-ADJUSTED DOLLARS) (BLACK OR AFRICAN AMERICAN ALONE): Total: People who are Black or African American alone -- (Estimate)
,PER CAPITA INCOME IN THE PAST 12 MONTHS (IN 2016 INFLATION-ADJUSTED DOLLARS) (BLACK OR AFRICAN AMERICAN ALONE): Total: People who are Black or African American alone -- (Margin of Error)
,PER CAPITA INCOME IN THE PAST 12 MONTHS (IN 2016 INFLATION-ADJUSTED DOLLARS) (AMERICAN INDIAN AND ALASKA NATIVE ALONE): Total: People who are American Indian and Alaska Native alone -- (Estimate)
,PER CAPITA INCOME IN THE PAST 12 MONTHS (IN 2016 INFLATION-ADJUSTED DOLLARS) (AMERICAN INDIAN AND ALASKA NATIVE ALONE): Total: People who are American Indian and Alaska Native alone -- (Margin of Error)
,PER CAPITA INCOME IN THE PAST 12 MONTHS (IN 2016 INFLATION-ADJUSTED DOLLARS) (ASIAN ALONE): Total: People who are Asian alone -- (Estimate)
,PER CAPITA INCOME IN THE PAST 12 MONTHS (IN 2016 INFLATION-ADJUSTED DOLLARS) (ASIAN ALONE): Total: People who are Asian alone -- (Margin of Error)
,PER CAPITA INCOME IN THE PAST 12 MONTHS (IN 2016 INFLATION-ADJUSTED DOLLARS) (NATIVE HAWAIIAN AND OTHER PACIFIC ISLANDER ALONE): Total: People who are Native Hawaiian and Other Pacific Islander alone -- (Estimate)
,PER CAPITA INCOME IN THE PAST 12 MONTHS (IN 2016 INFLATION-ADJUSTED DOLLARS) (NATIVE HAWAIIAN AND OTHER PACIFIC ISLANDER ALONE): Total: People who are Native Hawaiian and Other Pacific Islander alone -- (Margin of Error)
,PER CAPITA INCOME IN THE PAST 12 MONTHS (IN 2016 INFLATION-ADJUSTED DOLLARS) (SOME OTHER RACE ALONE): Total: People who are Some Other Race alone -- (Estimate)
,PER CAPITA INCOME IN THE PAST 12 MONTHS (IN 2016 INFLATION-ADJUSTED DOLLARS) (SOME OTHER RACE ALONE): Total: People who are Some Other Race alone -- (Margin of Error)
,PER CAPITA INCOME IN THE PAST 12 MONTHS (IN 2016 INFLATION-ADJUSTED DOLLARS) (TWO OR MORE RACES): Total: Two or more races population -- (Estimate)
,PER CAPITA INCOME IN THE PAST 12 MONTHS (IN 2016 INFLATION-ADJUSTED DOLLARS) (TWO OR MORE RACES): Total: Two or more races population -- (Margin of Error)
,"PER CAPITA INCOME IN THE PAST 12 MONTHS (IN 2016 INFLATION-ADJUSTED DOLLARS) (WHITE ALONE, NOT HISPANIC OR LATINO): Total: White alone, not Hispanic or Latino population -- (Estimate)"
,"PER CAPITA INCOME IN THE PAST 12 MONTHS (IN 2016 INFLATION-ADJUSTED DOLLARS) (WHITE ALONE, NOT HISPANIC OR LATINO): Total: White alone, not Hispanic or Latino population -- (Margin of Error)"
,PER CAPITA INCOME IN THE PAST 12 MONTHS (IN 2016 INFLATION-ADJUSTED DOLLARS) (HISPANIC OR LATINO): Total: People who are Hispanic or Latino -- (Estimate)
,PER CAPITA INCOME IN THE PAST 12 MONTHS (IN 2016 INFLATION-ADJUSTED DOLLARS) (HISPANIC OR LATINO): Total: People who are Hispanic or Latino -- (Margin of Error)
,AGGREGATE INCOME IN THE PAST 12 MONTHS (IN 2016 INFLATION-ADJUSTED DOLLARS): Total: Population 15 years and over -- (Estimate)
,AGGREGATE INCOME IN THE PAST 12 MONTHS (IN 2016 INFLATION-ADJUSTED DOLLARS): Total: Population 15 years and over -- (Margin of Error)
,AGGREGATE INCOME IN THE PAST 12 MONTHS (IN 2016 INFLATION-ADJUSTED DOLLARS) FOR THE POPULATION 15 YEARS AND OVER (WHITE ALONE): Total: White alone population 15 years and over -- (Estimate)
,AGGREGATE INCOME IN THE PAST 12 MONTHS (IN 2016 INFLATION-ADJUSTED DOLLARS) FOR THE POPULATION 15 YEARS AND OVER (WHITE ALONE): Total: White alone population 15 years and over -- (Margin of Error)
,AGGREGATE INCOME IN THE PAST 12 MONTHS (IN 2016 INFLATION-ADJUSTED DOLLARS) FOR THE POPULATION 15 YEARS AND OVER (BLACK OR AFRICAN AMERICAN ALONE): Total: Black or African American alone population 15 years and over -- (Estimate)
,AGGREGATE INCOME IN THE PAST 12 MONTHS (IN 2016 INFLATION-ADJUSTED DOLLARS) FOR THE POPULATION 15 YEARS AND OVER (BLACK OR AFRICAN AMERICAN ALONE): Total: Black or African American alone population 15 years and over -- (Margin of Error)
,AGGREGATE INCOME IN THE PAST 12 MONTHS (IN 2016 INFLATION-ADJUSTED DOLLARS) FOR THE POPULATION 15 YEARS AND OVER (AMERICAN INDIAN AND ALASKA NATIVE ALONE): Total: American Indian and Alaska Native alone population 15 years and over -- (Estimate)
,AGGREGATE INCOME IN THE PAST 12 MONTHS (IN 2016 INFLATION-ADJUSTED DOLLARS) FOR THE POPULATION 15 YEARS AND OVER (AMERICAN INDIAN AND ALASKA NATIVE ALONE): Total: American Indian and Alaska Native alone population 15 years and over -- (Margin of Error)
,AGGREGATE INCOME IN THE PAST 12 MONTHS (IN 2016 INFLATION-ADJUSTED DOLLARS) FOR THE POPULATION 15 YEARS AND OVER (ASIAN ALONE): Total: Asian alone population 15 years and over -- (Estimate)
,AGGREGATE INCOME IN THE PAST 12 MONTHS (IN 2016 INFLATION-ADJUSTED DOLLARS) FOR THE POPULATION 15 YEARS AND OVER (ASIAN ALONE): Total: Asian alone population 15 years and over -- (Margin of Error)
,AGGREGATE INCOME IN THE PAST 12 MONTHS (IN 2016 INFLATION-ADJUSTED DOLLARS) FOR THE POPULATION 15 YEARS AND OVER (NATIVE HAWAIIAN AND OTHER PACIFIC ISLANDER ALONE): Total: Native Hawaiian and Other Pacific Islander alone population 15 years and over -- (Estimate)
,AGGREGATE INCOME IN THE PAST 12 MONTHS (IN 2016 INFLATION-ADJUSTED DOLLARS) FOR THE POPULATION 15 YEARS AND OVER (NATIVE HAWAIIAN AND OTHER PACIFIC ISLANDER ALONE): Total: Native Hawaiian and Other Pacific Islander alone population 15 years and over -- (Margin of Error)
,AGGREGATE INCOME IN THE PAST 12 MONTHS (IN 2016 INFLATION-ADJUSTED DOLLARS) FOR THE POPULATION 15 YEARS AND OVER (SOME OTHER RACE ALONE): Total: Some other race alone population 15 years and over -- (Estimate)
,AGGREGATE INCOME IN THE PAST 12 MONTHS (IN 2016 INFLATION-ADJUSTED DOLLARS) FOR THE POPULATION 15 YEARS AND OVER (SOME OTHER RACE ALONE): Total: Some other race alone population 15 years and over -- (Margin of Error)
,AGGREGATE INCOME IN THE PAST 12 MONTHS (IN 2016 INFLATION-ADJUSTED DOLLARS) FOR THE POPULATION 15 YEARS AND OVER (TWO OR MORE RACES): Total: Two or more races population 15 years and over -- (Estimate)
,AGGREGATE INCOME IN THE PAST 12 MONTHS (IN 2016 INFLATION-ADJUSTED DOLLARS) FOR THE POPULATION 15 YEARS AND OVER (TWO OR MORE RACES): Total: Two or more races population 15 years and over -- (Margin of Error)
,"AGGREGATE INCOME IN THE PAST 12 MONTHS (IN 2016 INFLATION-ADJUSTED DOLLARS) FOR THE POPULATION 15 YEARS AND OVER (WHITE ALONE, NOT HISPANIC OR LATINO): Total: White alone, not Hispanic or Latino population 15 years and over -- (Estimate)"
,"AGGREGATE INCOME IN THE PAST 12 MONTHS (IN 2016 INFLATION-ADJUSTED DOLLARS) FOR THE POPULATION 15 YEARS AND OVER (WHITE ALONE, NOT HISPANIC OR LATINO): Total: White alone, not Hispanic or Latino population 15 years and over -- (Margin of Error)"
,AGGREGATE INCOME IN THE PAST 12 MONTHS (IN 2016 INFLATION-ADJUSTED DOLLARS) FOR THE POPULATION 15 YEARS AND OVER (HISPANIC OR LATINO): Total: Hispanic or Latino population 15 years and over -- (Estimate)
,AGGREGATE INCOME IN THE PAST 12 MONTHS (IN 2016 INFLATION-ADJUSTED DOLLARS) FOR THE POPULATION 15 YEARS AND OVER (HISPANIC OR LATINO): Total: Hispanic or Latino population 15 years and over -- (Margin of Error)
,OBJECTID
